Large_Ind,Small_Ind
建設・工事業界の会社,その他土木工事業界の会社
建設・工事業界の会社,その他建築専門工事業界の会社
建設・工事業界の会社,注文型住宅建築業界の会社
建設・工事業界の会社,居住用リフォーム業界の会社
建設・工事業界の会社,その他建造物建築業界の会社
建設・工事業界の会社,衛生設備工事業界の会社
建設・工事業界の会社,その他電気設備工事業界の会社
建設・工事業界の会社,土木・建築設計業界の会社
建設・工事業界の会社,産業用電気設備工事業界の会社
建設・工事業界の会社,住宅・事業所向け設備業界の会社
建設・工事業界の会社,空調設備工事業界の会社
建設・工事業界の会社,造園工事業界の会社
建設・工事業界の会社,窯業系建材・石材製造業界の会社
建設・工事業界の会社,交通関連土木工事業界の会社
建設・工事業界の会社,とび・土工工事業界の会社
建設・工事業界の会社,木材系建材製造業界の会社
建設・工事業界の会社,通信設備工事業界の会社
建設・工事業界の会社,総合土木工事業界の会社
建設・工事業界の会社,建造物解体工事業界の会社
建設・工事業界の会社,金属系建材製造業界の会社
建設・工事業界の会社,事業用リフォーム業界の会社
建設・工事業界の会社,プラント設備工事業界の会社
建設・工事業界の会社,大型商業施設・公共施設建設業界の会社
建設・工事業界の会社,太陽光パネル業界の会社
建設・工事業界の会社,インテリアデザイン業界の会社
建設・工事業界の会社,分譲型住宅建築業界の会社
建設・工事業界の会社,その他リフォーム業界の会社
建設・工事業界の会社,ビル建設業界の会社
建設・工事業界の会社,マンション建築業界の会社
建設・工事業界の会社,河川・港湾工事業界の会社
建設・工事業界の会社,樹脂系建材製造業界の会社
建設・工事業界の会社,ゼネコン業界の会社
建設・工事業界の会社,燃料タンク工事業界の会社
不動産業界の会社,マンション・アパート賃貸業界の会社
不動産業界の会社,その他不動産業界の会社
不動産業界の会社,マンション・アパート売買業界の会社
不動産業界の会社,戸建売買業界の会社
不動産業界の会社,事業用物件・テナントビル賃貸業界の会社
不動産業界の会社,マンション・ビル管理業界の会社
不動産業界の会社,その他不動産管理業界の会社
不動産業界の会社,土地売買・賃貸業界の会社
不動産業界の会社,戸建賃貸業界の会社
不動産業界の会社,事業用物件・テナントビル売買業界の会社
不動産業界の会社,駐車場運営業界の会社
不動産業界の会社,レンタルスペース業界の会社
不動産業界の会社,総合不動産（デベロッパー）業界の会社
小売業界の会社,その他小売業界の会社
小売業界の会社,新車販売業界の会社
小売業界の会社,食品店業界の会社
小売業界の会社,中古車販売業界の会社
小売業界の会社,ガソリンスタンド業界の会社
小売業界の会社,家具販売業界の会社
小売業界の会社,花屋業界の会社
小売業界の会社,自動車部品・カー用品販売業界の会社
小売業界の会社,スポーツ用品販売業界の会社
小売業界の会社,小売店舗・施設業界の会社
小売業界の会社,古本・リサイクルショップ業界の会社
小売業界の会社,化粧品販売業界の会社
小売業界の会社,その他アパレルショップ業界の会社
小売業界の会社,スーパー業界の会社
小売業界の会社,メンズアパレルショップ業界の会社
小売業界の会社,ジュエリーショップ業界の会社
小売業界の会社,書籍・マルチメディア販売業界の会社
小売業界の会社,眼鏡・コンタクトレンズ販売業界の会社
小売業界の会社,医薬品販売業界の会社
小売業界の会社,作業関連用品販売業界の会社
小売業界の会社,自社型eコマース業界の会社
小売業界の会社,美容グッズ販売業界の会社
小売業界の会社,パソコン・スマホ周辺機器販売業界の会社
小売業界の会社,その他自動車販売業界の会社
小売業界の会社,モール型eコマース業界の会社
小売業界の会社,乳製品宅配業界の会社
小売業界の会社,キッズアパレルショップ業界の会社
その他サービス業界の会社,廃棄物収集・運搬業界の会社
その他サービス業界の会社,デザイン業界の会社
その他サービス業界の会社,葬儀業界の会社
その他サービス業界の会社,ビル清掃・ハウスクリーニング業界の会社
その他サービス業界の会社,Web制作業界の会社
その他サービス業界の会社,調査・検査・研究業界の会社
その他サービス業界の会社,警備業界の会社
その他サービス業界の会社,廃棄物処分業界の会社
その他サービス業界の会社,リサイクル業界の会社
その他サービス業界の会社,その他清掃業界の会社
その他サービス業界の会社,その他サービス業界の会社
その他サービス業界の会社,写真業界の会社
その他サービス業界の会社,クリーニング業界の会社
その他サービス業界の会社,その他レンタル・リース業界の会社
その他サービス業界の会社,ブライダル業界の会社
その他サービス業界の会社,生活関連レンタル・リース業界の会社
その他サービス業界の会社,オフィス用品レンタル・リース業界の会社
その他サービス業界の会社,遺品整理業界の会社
その他サービス業界の会社,その他団体業界の会社
製造業界の会社,金属加工請負業界の会社
製造業界の会社,その他製造業界の会社
製造業界の会社,金属部品製造業界の会社
製造業界の会社,金属製品製造業界の会社
製造業界の会社,防災・防犯機器業界の会社
製造業界の会社,鉄鋼製造業界の会社
製造業界の会社,紙類包装資材製造業界の会社
製造業界の会社,プラスチック包装資材製造業界の会社
製造業界の会社,製紙・パルプ製造業界の会社
製造業界の会社,ガラス製造業界の会社
製造業界の会社,パイプ・バルブ製造業界の会社
製造業界の会社,電線・ケーブル製造業界の会社
製造業界の会社,皮革製造業界の会社
製造業界の会社,繊維製造業界の会社
製造業界の会社,非鉄金属製造業界の会社
製造業界の会社,ステンレス製品製造業界の会社
製造業界の会社,作業関連用品製造業界の会社
製造業界の会社,電池製造業界の会社
商社業界の会社,その他専門商社業界の会社
商社業界の会社,建材専門商社業界の会社
商社業界の会社,その他機械専門商社業界の会社
商社業界の会社,その他食品専門商社業界の会社
商社業界の会社,工業用機械専門商社業界の会社
商社業界の会社,農産物食品専門商社業界の会社
商社業界の会社,水産物食品専門商社業界の会社
商社業界の会社,繊維・アパレル専門商社業界の会社
商社業界の会社,医療機器・器具専門商社業界の会社
商社業界の会社,化学品・医薬品専門商社業界の会社
商社業界の会社,鉄鋼・金属専門商社業界の会社
商社業界の会社,日用品・化粧品専門商社業界の会社
商社業界の会社,農林水産用機械専門商社業界の会社
商社業界の会社,食肉・卵専門商社業界の会社
商社業界の会社,電子部品専門商社業界の会社
商社業界の会社,雑貨専門商社の会社
商社業界の会社,紙・パルプ専門商社業界の会社
商社業界の会社,総合商社業界の会社
食品業界の会社,酒・ワイン業界の会社
食品業界の会社,水産業界の会社
食品業界の会社,農業界の会社
食品業界の会社,食肉業界の会社
食品業界の会社,健康食品業界の会社
食品業界の会社,和菓子業界の会社
食品業界の会社,その他食品業界の会社
食品業界の会社,漬物・煮物・大豆製造業界の会社
食品業界の会社,調味料製造業界の会社
食品業界の会社,洋菓子業界の会社
食品業界の会社,飲料製造業界の会社
食品業界の会社,麺類製造業界の会社
食品業界の会社,パン業界の会社
食品業界の会社,その他菓子業界の会社
食品業界の会社,米飯・惣菜製造業界の会社
食品業界の会社,缶詰・レトルト・冷凍食品製造業界の会社
食品業界の会社,乳製品業界の会社
食品業界の会社,製粉・食用油製造業界の会社
食品業界の会社,コーヒー製造業界の会社
運輸・物流業界の会社,一般貨物輸送業界の会社
運輸・物流業界の会社,タクシー業界の会社
運輸・物流業界の会社,その他運輸・物流業界の会社
運輸・物流業界の会社,重量物輸送業界の会社
運輸・物流業界の会社,倉庫運営業界の会社
運輸・物流業界の会社,バス業界の会社
運輸・物流業界の会社,海運業界の会社
運輸・物流業界の会社,冷凍冷蔵車運行業界の会社
運輸・物流業界の会社,機械輸送業界の会社
運輸・物流業界の会社,引っ越し業界の会社
運輸・物流業界の会社,港湾作業業界の会社
運輸・物流業界の会社,空運業界の会社
運輸・物流業界の会社,鉄道業界の会社
自動車・乗り物業界の会社,自動車整備業界の会社
自動車・乗り物業界の会社,自動車部品・カー用品製造業界の会社
自動車・乗り物業界の会社,二輪車(自転車・バイク)業界の会社
自動車・乗り物業界の会社,その他乗り物業界の会社
自動車・乗り物業界の会社,ゴム製品・タイヤ製造業界の会社
自動車・乗り物業界の会社,レンタカー・リース業界の会社
自動車・乗り物業界の会社,その他自動車・乗り物関連サービス業界の会社
自動車・乗り物業界の会社,自動車製造業界の会社
自動車・乗り物業界の会社,宇宙開発業界の会社
機械業界の会社,その他機械製造業界の会社
機械業界の会社,金型製造業界の会社
機械業界の会社,電子部品製造業界の会社
機械業界の会社,工作機械製造業界の会社
機械業界の会社,産業用ロボット・ファクトリーオートメーション製造業界の会社
機械業界の会社,精密機器製造業界の会社
機械業界の会社,センサー・計器製造業界の会社
機械業界の会社,工具製造業界の会社
機械業界の会社,動力装置製造業界の会社
機械業界の会社,電力設備・発電設備製造業界の会社
機械業界の会社,半導体・半導体関連装置製造業界の会社
機械業界の会社,建設機械製造業界の会社
機械業界の会社,食品機械製造業界の会社
機械業界の会社,水処理機械製造業界の会社
機械業界の会社,自動販売機・自動サービス機業界の会社
機械業界の会社,アミューズメント機器業界の会社
機械業界の会社,業務厨房関連機器製造業界の会社
機械業界の会社,光学機器・レンズ製造業界の会社
機械業界の会社,農業・漁業機械製造業界の会社
機械業界の会社,空調機器業界の会社
機械業界の会社,印刷機械製造業界の会社
機械業界の会社,試験機製造業界の会社
機械業界の会社,エレベーター・エスカレーター業界の会社
機械業界の会社,ポンプ製造業界の会社
機械業界の会社,ボイラー製造業界の会社
機械業界の会社,非金属加工機械製造業界の会社
機械業界の会社,化学機械製造業界の会社
機械業界の会社,交通機器製造業界の会社
機械業界の会社,溶接機械製造業界の会社
機械業界の会社,プラスチック成形機械製造業界の会社
医療・福祉業界の会社,高齢者向け福祉業界の会社
医療・福祉業界の会社,調剤薬局業界の会社
医療・福祉業界の会社,障害者福祉業界の会社
医療・福祉業界の会社,高齢者住宅業界の会社
医療・福祉業界の会社,介護用品・家庭用医療機器業界の会社
医療・福祉業界の会社,医療機器・実験機器メーカー業界の会社
医療・福祉業界の会社,医療・療養施設(病院など)業界の会社
医療・福祉業界の会社,製薬業界の会社
医療・福祉業界の会社,児童福祉業界の会社
医療・福祉業界の会社,その他医療・福祉業界の会社
コンサルティング業界の会社,土木・建築コンサルティング業界の会社
コンサルティング業界の会社,経営コンサルティング業界の会社
コンサルティング業界の会社,不動産コンサルティング業界の会社
コンサルティング業界の会社,ITコンサルティング業界の会社
コンサルティング業界の会社,その他コンサルティング業界の会社
コンサルティング業界の会社,販売促進コンサルティング業界の会社
コンサルティング業界の会社,Webマーケティング業界の会社
コンサルティング業界の会社,組織・人事コンサルティング業界の会社
コンサルティング業界の会社,医療系コンサルティング業界の会社
コンサルティング業界の会社,資産運用コンサルティング業界の会社
コンサルティング業界の会社,財務・監査コンサルティング業界の会社
コンサルティング業界の会社,コスト削減コンサルティング業界の会社
コンサルティング業界の会社,広告運用コンサルティング業界の会社
コンサルティング業界の会社,起業コンサルティング業界の会社
コンサルティング業界の会社,製造業コンサルティング業界の会社
コンサルティング業界の会社,飲食店コンサルティング業界の会社
コンサルティング業界の会社,総合コンサルティング業界の会社
エンタメ業界の会社,ホテル・旅館業界の会社
エンタメ業界の会社,イベント業界の会社
エンタメ業界の会社,その他エンタメ業界の会社
エンタメ業界の会社,ペット・動物業界の会社
エンタメ業界の会社,映像・CM制作業界の会社
エンタメ業界の会社,国内旅行業界の会社
エンタメ業界の会社,芸能プロダクション業界の会社
エンタメ業界の会社,CD等マルチメディア・楽器業界の会社
エンタメ業界の会社,ゴルフ場業界の会社
エンタメ業界の会社,ジム・フィットネスクラブ業界の会社
エンタメ業界の会社,パチンコ業界の会社
エンタメ業界の会社,海外旅行・留学業界の会社
エンタメ業界の会社,映画・アニメ業界の会社
エンタメ業界の会社,スポーツ業界の会社
エンタメ業界の会社,タレント・キャラクターグッズ業界の会社
IT業界の会社,システム受託開発業界の会社
IT業界の会社,システム開発業界の会社
IT業界の会社,Webサービス・アプリ運営業界の会社
IT業界の会社,ITインフラ業界の会社
IT業界の会社,クラウド・フィンテック業界の会社
IT業界の会社,デジタルコンテンツ業界の会社
IT業界の会社,ソフトウェア専門商社業界の会社
IT業界の会社,その他IT業界の会社
IT業界の会社,情報セキュリティサービス業界の会社
アパレル・美容業界の会社,美容サロン業界の会社
アパレル・美容業界の会社,繊維加工・織布業界の会社
アパレル・美容業界の会社,レディースアパレルショップ業界の会社
アパレル・美容業界の会社,レディースアパレルメーカー業界の会社
アパレル・美容業界の会社,その他アパレルメーカー業界の会社
アパレル・美容業界の会社,化粧品製造業界の会社
アパレル・美容業界の会社,エステサロン業界の会社
アパレル・美容業界の会社,ジュエリー製造業界の会社
アパレル・美容業界の会社,メンズアパレルメーカー業界の会社
アパレル・美容業界の会社,バッグ・アパレル雑貨製造業界の会社
アパレル・美容業界の会社,その他アパレル・美容業界の会社
アパレル・美容業界の会社,制服・作業服製造業界の会社
アパレル・美容業界の会社,靴製造・修理業界の会社
アパレル・美容業界の会社,スキンケア製品製造業界の会社
アパレル・美容業界の会社,時計業界の会社
アパレル・美容業界の会社,下着・靴下製造業界の会社
アパレル・美容業界の会社,キッズアパレルメーカー業界の会社
生活用品業界の会社,雑貨販売業界の会社
生活用品業界の会社,美術品・伝統工芸品業界の会社
生活用品業界の会社,家具製造業界の会社
生活用品業界の会社,雑貨製造業界の会社
生活用品業界の会社,文房具業界の会社
生活用品業界の会社,オフィス用品・オフィス家具業界の会社
生活用品業界の会社,お土産・ギフト業界の会社
生活用品業界の会社,スポーツ用品製造業界の会社
生活用品業界の会社,玩具業界の会社
生活用品業界の会社,仏具業界の会社
生活用品業界の会社,輸入雑貨販売業界の会社
生活用品業界の会社,日用品製造業界の会社
生活用品業界の会社,眼鏡・コンタクトレンズ製造業界の会社
生活用品業界の会社,トイレタリー製造業界の会社
生活用品業界の会社,店舗家具・什器業界の会社
生活用品業界の会社,タバコ業界の会社
生活用品業界の会社,ベビー用品製造業界の会社
生活用品業界の会社,その他生活用品業界の会社
広告業界の会社,紙媒体印刷業界の会社
広告業界の会社,看板業界の会社
広告業界の会社,広告代理店業界の会社
広告業界の会社,その他印刷業界の会社
広告業界の会社,インターネット広告代理店業界の会社
広告業界の会社,企業展示会・販促イベント業界の会社
広告業界の会社,その他広告業界の会社
外食業界の会社,和食・大衆料理業界の会社
外食業界の会社,居酒屋・バー業界の会社
外食業界の会社,中食（デリバリー）業界の会社
外食業界の会社,洋食・レストラン業界の会社
外食業界の会社,そば・うどん業界の会社
外食業界の会社,カフェ・喫茶店業界の会社
外食業界の会社,給食・食堂業界の会社
外食業界の会社,焼肉・ステーキ店業界の会社
外食業界の会社,寿司屋業界の会社
外食業界の会社,中華料理・ラーメン業界の会社
外食業界の会社,その他外食業界の会社
外食業界の会社,ファーストフード業界の会社
外食業界の会社,ファミリーレストラン業界の会社
人材業界の会社,その他業務請負業界の会社
人材業界の会社,人材紹介業界の会社
人材業界の会社,製造業・技術系人材派遣業界の会社
人材業界の会社,事務処理代行業界の会社
人材業界の会社,企業研修業界の会社
人材業界の会社,その他人材業界の会社
人材業界の会社,事務員・作業員派遣業界の会社
人材業界の会社,サービス業人材派遣業界の会社
人材業界の会社,物流人材派遣業界の会社
人材業界の会社,コールセンター運営業界の会社
人材業界の会社,医療・福祉人材派遣業界の会社
人材業界の会社,個人向けセミナー業界の会社
化学業界の会社,樹脂製部品(プラスチック製部品など)製造業界の会社
化学業界の会社,樹脂製品(プラスチック製品など)製造業界の会社
化学業界の会社,化学品・化学薬品製造業界の会社
化学業界の会社,肥料・農薬・ガーデニング用品製造業界の会社
化学業界の会社,塗料製造業界の会社
化学業界の会社,その他化学業界の会社
化学業界の会社,接着剤・テープ製造業界の会社
金融業界の会社,保険代理店業界の会社
金融業界の会社,投資業界の会社
金融業界の会社,貸金業界の会社
金融業界の会社,その他金融関連サービス業界の会社
金融業界の会社,クレジット・信販・決済代行業界の会社
金融業界の会社,証券業界の会社
金融業界の会社,保険業界の会社
金融業界の会社,銀行・信用金庫・信用組合業界の会社
金融業界の会社,事業者金融業界の会社
金融業界の会社,ネット証券業界の会社
教育業界の会社,その他スクール業界の会社
教育業界の会社,塾・受験予備校業界の会社
教育業界の会社,資格取得・通信教育業界の会社
教育業界の会社,児童保育業界の会社
教育業界の会社,教材販売業界の会社
教育業界の会社,語学学習スクール業界の会社
教育業界の会社,IT教育業界の会社
教育業界の会社,学校業界の会社
教育業界の会社,その他教育業界の会社
機械関連サービス業界の会社,機械修理業界の会社
機械関連サービス業界の会社,機械レンタル・リース業界の会社
機械関連サービス業界の会社,その他機械関連サービス業界の会社
機械関連サービス業界の会社,機械設計業界の会社
機械関連サービス業界の会社,プラントエンジニアリング業界の会社
エネルギー業界の会社,ガス・燃料製品と原料採掘の会社
エネルギー業界の会社,再生可能エネルギー業界の会社
エネルギー業界の会社,電力業界の会社
エネルギー業界の会社,その他エネルギー業界の会社
電気製品業界の会社,家電業界の会社
電気製品業界の会社,照明器具業界の会社
電気製品業界の会社,その他電気製品製造業界の会社
電気製品業界の会社,音響・映像機器業界の会社
マスコミ業界の会社,書籍出版業界の会社
マスコミ業界の会社,新聞業界の会社
マスコミ業界の会社,テレビ番組制作業界の会社
マスコミ業界の会社,雑誌出版業界の会社
マスコミ業界の会社,テレビ・ラジオ放送局業界の会社
マスコミ業界の会社,電子書籍出版業界の会社
マスコミ業界の会社,ラジオ番組制作業界の会社
マスコミ業界の会社,その他マスコミ業界の会社
専門サービス業界の会社,専門事務所業界の会社
専門サービス業界の会社,翻訳・通訳業界の会社
通信業界の会社,携帯・通信回線販売代理店業界の会社
通信業界の会社,その他通信業界の会社
通信業界の会社,通信回線業界の会社
通信機器業界の会社,パソコン販売・修理業界の会社
通信機器業界の会社,その他通信機器業界の会社
通信機器業界の会社,パソコン・スマホ周辺機器製造業界の会社
通信機器業界の会社,電話機製造業界の会社
通信機器業界の会社,パソコン製造業界の会社
通信機器業界の会社,スマホ・タブレット製造・修理業界の会社
ゲーム業界の会社,ソーシャルゲーム業界の会社
ゲーム業界の会社,ゲームソフト開発業界の会社
ゲーム業界の会社,ゲーム・アニメーション系デザイン業界の会社
ゲーム業界の会社,その他ゲーム業界の会社
その他業界の会社,その他業界の会社
